business_id,latitude,longitude,fieldwork_date,city
SA001,-23.533117,-46.733352,2026-03-11,Sao Paulo
SA002,-23.584762,-46.670812,2026-03-19,Sao Paulo
SA003,-23.469146,-46.686563,2026-03-21,Sao Paulo
SA004,-23.646552,-46.741867,2026-03-22,Sao Paulo
SA005,-23.501109,-46.612885,2026-03-06,Sao Paulo
SA006,-23.495359,-46.464009,2026-03-01,Sao Paulo
SA007,-23.533691,-46.509281,2026-03-12,Sao Paulo
SA008,-23.583513,-46.679302,2026-03-10,Sao Paulo
SA009,-23.68659,-46.791354,2026-03-15,Sao Paulo
SA010,-23.865931,-46.641792,2026-03-19,Sao Paulo
SA011,-23.60444,-46.746614,2026-03-03,Sao Paulo
SA012,-23.506551,-46.573354,2026-03-09,Sao Paulo
SA013,-23.574862,-46.645318,2026-03-14,Sao Paulo
SA014,-23.624205,-46.591128,2026-03-21,Sao Paulo
SA015,-23.581202,-46.417949,2026-03-07,Sao Paulo
SA016,-23.719096,-46.690234,2026-03-03,Sao Paulo
SA017,-23.635038,-46.664721,2026-03-08,Sao Paulo
SA018,-23.681943,-46.669373,2026-03-22,Sao Paulo
SA019,-23.480288,-46.660832,2026-03-18,Sao Paulo
SA020,-23.506202,-46.74456,2026-03-04,Sao Paulo
SA021,-23.569512,-46.558992,2026-03-08,Sao Paulo
SA022,-23.514845,-46.483817,2026-03-08,Sao Paulo
SA023,-23.523966,-46.539456,2026-03-15,Sao Paulo
SA024,-23.661837,-46.700236,2026-03-13,Sao Paulo
SA025,-23.584485,-46.758769,2026-03-01,Sao Paulo
SA026,-23.595768,-46.609995,2026-03-01,Sao Paulo
SA027,-23.689241,-46.760158,2026-03-11,Sao Paulo
SA028,-23.50247,-46.624474,2026-03-03,Sao Paulo
SA029,-23.685108,-46.716543,2026-03-07,Sao Paulo
SA030,-23.531819,-46.668052,2026-03-09,Sao Paulo
SA031,-23.469319,-46.722662,2026-03-16,Sao Paulo
SA032,-23.611596,-46.730408,2026-03-05,Sao Paulo
SA033,-23.615677,-46.713656,2026-03-03,Sao Paulo
SA034,-23.484416,-46.750906,2026-03-14,Sao Paulo
SA035,-23.719246,-46.688408,2026-03-23,Sao Paulo
SA036,-23.579515,-46.411254,2026-03-09,Sao Paulo
SA037,-23.516744,-46.387746,2026-03-13,Sao Paulo
SA038,-23.592438,-46.799974,2026-03-17,Sao Paulo
SA039,-23.661632,-46.65085,2026-03-05,Sao Paulo
SA040,-23.510954,-46.397275,2026-03-11,Sao Paulo
AD001,9.041683,38.728173,2026-04-07,Addis Ababa
AD002,8.997634,38.762326,2026-04-02,Addis Ababa
AD003,9.022001,38.794095,2026-04-21,Addis Ababa
AD004,8.989091,38.733167,2026-04-12,Addis Ababa
AD005,8.987854,38.823763,2026-04-23,Addis Ababa
AD006,8.977689,38.776766,2026-04-01,Addis Ababa
AD007,8.936477,38.820843,2026-04-20,Addis Ababa
AD008,9.032763,38.825037,2026-04-06,Addis Ababa
AD009,8.890482,38.753097,2026-04-05,Addis Ababa
AD010,8.863409,38.805078,2026-04-24,Addis Ababa
AD011,8.92126,38.787721,2026-04-24,Addis Ababa
AD012,8.960282,38.791479,2026-04-17,Addis Ababa
AD013,9.025967,38.882083,2026-04-07,Addis Ababa
AD014,8.965572,38.815704,2026-04-17,Addis Ababa
AD015,9.051524,38.731978,2026-04-02,Addis Ababa
AD016,8.873866,38.798013,2026-04-05,Addis Ababa
AD017,9.030519,38.887653,2026-04-02,Addis Ababa
AD018,9.031612,38.67144,2026-04-06,Addis Ababa
AD019,8.894855,38.775876,2026-04-11,Addis Ababa
AD020,8.961462,38.712062,2026-04-06,Addis Ababa
AD021,9.004986,38.754264,2026-04-06,Addis Ababa
AD022,9.046887,38.740692,2026-04-16,Addis Ababa
AD023,8.946788,38.690914,2026-04-06,Addis Ababa
AD024,8.98379,38.719314,2026-04-04,Addis Ababa
AD025,9.022292,38.767401,2026-04-19,Addis Ababa
AD026,8.907518,38.748793,2026-04-09,Addis Ababa
AD027,8.979125,38.746535,2026-04-18,Addis Ababa
AD028,9.06551,38.697724,2026-04-18,Addis Ababa
AD029,8.884381,38.767275,2026-04-03,Addis Ababa
AD030,9.02587,38.724123,2026-04-16,Addis Ababa
AD031,8.890633,38.764049,2026-04-02,Addis Ababa
AD032,8.990653,38.904876,2026-04-05,Addis Ababa
AD033,9.04261,38.843481,2026-04-09,Addis Ababa
AD034,8.95536,38.696964,2026-04-16,Addis Ababa
AD035,9.057732,38.873428,2026-04-24,Addis Ababa
AD036,8.877628,38.76314,2026-04-17,Addis Ababa
AD037,9.017437,38.748538,2026-04-20,Addis Ababa
AD038,9.016729,38.69329,2026-04-03,Addis Ababa
AD039,8.973612,38.667958,2026-04-14,Addis Ababa
AD040,8.91235,38.774932,2026-04-16,Addis Ababa
DE001,28.688656,77.092777,2026-05-04,Delhi
DE002,28.649831,77.109978,2026-05-20,Delhi
DE003,28.774202,77.182084,2026-05-03,Delhi
DE004,28.57076,77.219248,2026-05-12,Delhi
DE005,28.733685,77.015535,2026-05-22,Delhi
DE006,28.739521,77.116108,2026-05-13,Delhi
DE007,28.690985,77.124129,2026-05-02,Delhi
DE008,28.654298,77.071901,2026-05-15,Delhi
DE009,28.533923,77.0507,2026-05-16,Delhi
DE010,28.496013,77.32883,2026-05-17,Delhi
DE011,28.627854,77.221369,2026-05-14,Delhi
DE012,28.710449,77.175273,2026-05-09,Delhi
DE013,28.660604,77.319148,2026-05-14,Delhi
DE014,28.615701,77.337529,2026-05-01,Delhi
DE015,28.655187,77.204588,2026-05-23,Delhi
DE016,28.523547,77.221713,2026-05-18,Delhi
DE017,28.596823,76.966649,2026-05-03,Delhi
DE018,28.544557,77.272663,2026-05-15,Delhi
DE019,28.754549,77.09124,2026-05-10,Delhi
DE020,28.70691,77.143086,2026-05-01,Delhi
DE021,28.663804,77.174082,2026-05-07,Delhi
DE022,28.70162,77.163613,2026-05-03,Delhi
DE023,28.697316,77.105417,2026-05-07,Delhi
DE024,28.558958,77.007874,2026-05-01,Delhi
DE025,28.649927,77.086774,2026-05-14,Delhi
DE026,28.635045,77.305283,2026-05-02,Delhi
DE027,28.531747,77.247456,2026-05-22,Delhi
DE028,28.727654,77.273823,2026-05-22,Delhi
DE029,28.544467,77.128878,2026-05-20,Delhi
DE030,28.691519,77.137213,2026-05-11,Delhi
DE031,28.769866,77.074619,2026-05-21,Delhi
DE032,28.626469,77.198768,2026-05-07,Delhi
DE033,28.619857,77.337711,2026-05-20,Delhi
DE034,28.748573,77.171442,2026-05-08,Delhi
DE035,28.524207,77.231593,2026-05-10,Delhi
DE036,28.655846,77.286055,2026-05-19,Delhi
DE037,28.696599,77.290823,2026-05-05,Delhi
DE038,28.641428,77.086947,2026-05-09,Delhi
DE039,28.559307,77.184106,2026-05-01,Delhi
DE040,28.702199,77.315308,2026-05-22,Delhi
JA001,-6.140721,106.934583,2026-06-21,Jakarta
JA002,-6.196185,106.731688,2026-06-05,Jakarta
JA003,-6.159918,106.8344,2026-06-12,Jakarta
JA004,-6.220933,106.78026,2026-06-22,Jakarta
JA005,-6.225035,106.924173,2026-06-05,Jakarta
JA006,-6.230163,106.828292,2026-06-20,Jakarta
JA007,-6.253478,106.821643,2026-06-16,Jakarta
JA008,-6.14384,106.938764,2026-06-05,Jakarta
JA009,-6.30929,106.904414,2026-06-05,Jakarta
JA010,-6.35695,106.792862,2026-06-10,Jakarta
JA011,-6.264955,106.830363,2026-06-01,Jakarta
JA012,-6.240446,106.896492,2026-06-16,Jakarta
JA013,-6.154225,106.949936,2026-06-17,Jakarta
JA014,-6.232422,106.75498,2026-06-20,Jakarta
JA015,-6.127607,106.843815,2026-06-01,Jakarta
JA016,-6.336346,106.803098,2026-06-05,Jakarta
JA017,-6.148593,106.80738,2026-06-08,Jakarta
JA018,-6.146739,106.786127,2026-06-13,Jakarta
JA019,-6.297478,106.81088,2026-06-19,Jakarta
JA020,-6.239566,106.941213,2026-06-08,Jakarta
JA021,-6.194615,106.89358,2026-06-02,Jakarta
JA022,-6.128809,106.697378,2026-06-21,Jakarta
JA023,-6.242801,106.834044,2026-06-24,Jakarta
JA024,-6.228152,106.906221,2026-06-04,Jakarta
JA025,-6.164864,106.871668,2026-06-03,Jakarta
JA026,-6.273166,106.829504,2026-06-18,Jakarta
JA027,-6.2298,106.843375,2026-06-23,Jakarta
JA028,-6.105404,106.692876,2026-06-17,Jakarta
JA029,-6.313167,106.912905,2026-06-03,Jakarta
JA030,-6.153874,106.710685,2026-06-20,Jakarta
JA031,-6.305644,106.911751,2026-06-19,Jakarta
JA032,-6.210347,106.720535,2026-06-09,Jakarta
JA033,-6.137088,106.806327,2026-06-14,Jakarta
JA034,-6.242066,106.802041,2026-06-15,Jakarta
JA035,-6.117221,106.931027,2026-06-12,Jakarta
JA036,-6.330782,106.920542,2026-06-04,Jakarta
JA037,-6.168867,106.810517,2026-06-07,Jakarta
JA038,-6.170602,106.833696,2026-06-07,Jakarta
JA039,-6.233205,106.784897,2026-06-03,Jakarta
JA040,-6.273249,106.87398,2026-06-18,Jakarta
LA001,6.491092,3.327263,2026-07-12,Lagos
LA002,6.461909,3.427455,2026-07-14,Lagos
LA003,6.47825,3.565523,2026-07-18,Lagos
LA004,6.455643,3.393593,2026-07-05,Lagos
LA005,6.456224,3.369652,2026-07-13,Lagos
LA006,6.451191,3.609817,2026-07-07,Lagos
LA007,6.440427,3.409991,2026-07-06,Lagos
LA008,6.489481,3.379786,2026-07-12,Lagos
LA009,6.434644,3.440595,2026-07-19,Lagos
LA010,6.425386,3.507779,2026-07-13,Lagos
LA011,6.438847,3.456656,2026-07-20,Lagos
LA012,6.443584,3.514568,2026-07-09,Lagos
LA013,6.481734,3.579139,2026-07-17,Lagos
LA014,6.446804,3.353178,2026-07-21,Lagos
LA015,6.50221,3.350304,2026-07-13,Lagos
LA016,6.42859,3.431762,2026-07-22,Lagos
LA017,6.486058,3.336694,2026-07-04,Lagos
LA018,6.487461,3.34297,2026-07-18,Lagos
LA019,6.435703,3.559374,2026-07-15,Lagos
LA020,6.4456,3.439098,2026-07-22,Lagos
LA021,6.461774,3.554247,2026-07-11,Lagos
LA022,6.496785,3.353447,2026-07-08,Lagos
LA023,6.440899,3.505452,2026-07-21,Lagos
LA024,6.453027,3.407674,2026-07-08,Lagos
LA025,6.476261,3.621995,2026-07-05,Lagos
LA026,6.438066,3.481833,2026-07-22,Lagos
LA027,6.451814,3.370735,2026-07-21,Lagos
LA028,6.508451,3.366372,2026-07-13,Lagos
LA029,6.431169,3.554961,2026-07-18,Lagos
LA030,6.4816,3.384814,2026-07-02,Lagos
LA031,6.436584,3.532145,2026-07-13,Lagos
LA032,6.455996,3.606826,2026-07-22,Lagos
LA033,6.491492,3.354165,2026-07-17,Lagos
LA034,6.443092,3.505427,2026-07-22,Lagos
LA035,6.505625,3.355546,2026-07-01,Lagos
LA036,6.427954,3.479792,2026-07-01,Lagos
LA037,6.471576,3.620179,2026-07-17,Lagos
LA038,6.471141,3.573432,2026-07-03,Lagos
LA039,6.448461,3.427033,2026-07-05,Lagos
LA040,6.437253,3.523569,2026-07-21,Lagos
